<?xml version="1.0" encoding="utf-8"?>
<templates id="template" xml:space="preserve">

    <t t-name="abj_pos_receipt.OrderReceipt" t-inherit="point_of_sale.OrderReceipt" t-inherit-mode="extension">
        
        <xpath expr="//Orderline" position="replace">
            
            <div class="my-2" style="font-size: 12px;">
                
                <div class="product-name text-wrap">
                    <span t-esc="line.productName" />
                </div>

                <div class="d-flex justify-content-end fw-bolder">
                    <div class="text-end" style="width: 4em;">
                        <t t-esc="line.qty" />
                    </div>
                    <div class="text-end" style="width: 7em;">
                        <t t-esc="line.unitPrice" />
                    </div>
                    <div class="text-end" style="width: 8em;">
                        <t t-esc="line.price" />
                    </div>
                </div>
            </div>

        </xpath>
    </t>

</templates>